"Program","Year","Period","Week Ending","Geo Level","State","State ANSI","Ag District","Ag District Code","County","County ANSI","Zip Code","Region","watershed_code","Watershed","Commodity","Data Item","Domain","Domain Category","Value","CV (%)"
"SURVEY","2014","YEAR","","NATIONAL","US TOTAL","","","","","","","","00000000","","WHEAT","WHEAT, WINTER - YIELD, MEASURED IN BU / ACRE","TOTAL","NOT SPECIFIED","42.6",""
"SURVEY","2014","YEAR - AUG FORECAST","","NATIONAL","US TOTAL","","","","","","","","00000000","","WHEAT","WHEAT, WINTER - YIELD, MEASURED IN BU / ACRE","TOTAL","NOT SPECIFIED","43.1",""
"SURVEY","2014","YEAR - JUL FORECAST","","NATIONAL","US TOTAL","","","","","","","","00000000","","WHEAT","WHEAT, WINTER - YIELD, MEASURED IN BU / ACRE","TOTAL","NOT SPECIFIED","42.2",""
"SURVEY","2014","YEAR - JUN FORECAST","","NATIONAL","US TOTAL","","","","","","","","00000000","","WHEAT","WHEAT, WINTER - YIELD, MEASURED IN BU / ACRE","TOTAL","NOT SPECIFIED","42.4",""
"SURVEY","2014","YEAR - MAY FORECAST","","NATIONAL","US TOTAL","","","","","","","","00000000","","WHEAT","WHEAT, WINTER - YIELD, MEASURED IN BU / ACRE","TOTAL","NOT SPECIFIED","43.1",""
"SURVEY","2013","YEAR","","NATIONAL","US TOTAL","","","","","","","","00000000","","WHEAT","WHEAT, WINTER - YIELD, MEASURED IN BU / ACRE","TOTAL","NOT SPECIFIED","47.3",""
"SURVEY","2013","YEAR - AUG FORECAST","","NATIONAL","US TOTAL","","","","","","","","00000000","","WHEAT","WHEAT, WINTER - YIELD, MEASURED IN BU / ACRE","TOTAL","NOT SPECIFIED","47.8",""
"SURVEY","2013","YEAR - JUL FORECAST","","NATIONAL","US TOTAL","","","","","","","","00000000","","WHEAT","WHEAT, WINTER - YIELD, MEASURED IN BU / ACRE","TOTAL","NOT SPECIFIED","47.8",""
"SURVEY","2013","YEAR - JUN FORECAST","","NATIONAL","US TOTAL","","","","","","","","00000000","","WHEAT","WHEAT, WINTER - YIELD, MEASURED IN BU / ACRE","TOTAL","NOT SPECIFIED","46.1",""
"SURVEY","2013","YEAR - MAY FORECAST","","NATIONAL","US TOTAL","","","","","","","","00000000","","WHEAT","WHEAT, WINTER - YIELD, MEASURED IN BU / ACRE","TOTAL","NOT SPECIFIED","45.4",""
"SURVEY","2012","YEAR","","NATIONAL","US TOTAL","","","","","","","","00000000","","WHEAT","WHEAT, WINTER - YIELD, MEASURED IN BU / ACRE","TOTAL","NOT SPECIFIED","47.1",""
"SURVEY","2012","YEAR - AUG FORECAST","","NATIONAL","US TOTAL","","","","","","","","00000000","","WHEAT","WHEAT, WINTER - YIELD, MEASURED IN BU / ACRE","TOTAL","NOT SPECIFIED","48",""
"SURVEY","2012","YEAR - JUL FORECAST","","NATIONAL","US TOTAL","","","","","","","","00000000","","WHEAT","WHEAT, WINTER - YIELD, MEASURED IN BU / ACRE","TOTAL","NOT SPECIFIED","47.7",""
"SURVEY","2012","YEAR - JUN FORECAST","","NATIONAL","US TOTAL","","","","","","","","00000000","","WHEAT","WHEAT, WINTER - YIELD, MEASURED IN BU / ACRE","TOTAL","NOT SPECIFIED","47.3",""
"SURVEY","2012","YEAR - MAY FORECAST","","NATIONAL","US TOTAL","","","","","","","","00000000","","WHEAT","WHEAT, WINTER - YIELD, MEASURED IN BU / ACRE","TOTAL","NOT SPECIFIED","47.6",""
"SURVEY","2011","YEAR","","NATIONAL","US TOTAL","","","","","","","","00000000","","WHEAT","WHEAT, WINTER - YIELD, MEASURED IN BU / ACRE","TOTAL","NOT SPECIFIED","46.1",""
"SURVEY","2011","YEAR - AUG FORECAST","","NATIONAL","US TOTAL","","","","","","","","00000000","","WHEAT","WHEAT, WINTER - YIELD, MEASURED IN BU / ACRE","TOTAL","NOT SPECIFIED","46.3",""
"SURVEY","2011","YEAR - JUL FORECAST","","NATIONAL","US TOTAL","","","","","","","","00000000","","WHEAT","WHEAT, WINTER - YIELD, MEASURED IN BU / ACRE","TOTAL","NOT SPECIFIED","46.2",""
"SURVEY","2011","YEAR - JUN FORECAST","","NATIONAL","US TOTAL","","","","","","","","00000000","","WHEAT","WHEAT, WINTER - YIELD, MEASURED IN BU / ACRE","TOTAL","NOT SPECIFIED","45.3",""
"SURVEY","2011","YEAR - MAY FORECAST","","NATIONAL","US TOTAL","","","","","","","","00000000","","WHEAT","WHEAT, WINTER - YIELD, MEASURED IN BU / ACRE","TOTAL","NOT SPECIFIED","44.5",""
"SURVEY","2010","YEAR","","NATIONAL","US TOTAL","","","","","","","","00000000","","WHEAT","WHEAT, WINTER - YIELD, MEASURED IN BU / ACRE","TOTAL","NOT SPECIFIED","46.5",""
"SURVEY","2010","YEAR - AUG FORECAST","","NATIONAL","US TOTAL","","","","","","","","00000000","","WHEAT","WHEAT, WINTER - YIELD, MEASURED IN BU / ACRE","TOTAL","NOT SPECIFIED","47.5",""
"SURVEY","2010","YEAR - JUL FORECAST","","NATIONAL","US TOTAL","","","","","","","","00000000","","WHEAT","WHEAT, WINTER - YIELD, MEASURED IN BU / ACRE","TOTAL","NOT SPECIFIED","46.9",""
"SURVEY","2010","YEAR - JUN FORECAST","","NATIONAL","US TOTAL","","","","","","","","00000000","","WHEAT","WHEAT, WINTER - YIELD, MEASURED IN BU / ACRE","TOTAL","NOT SPECIFIED","46.6",""
"SURVEY","2010","YEAR - MAY FORECAST","","NATIONAL","US TOTAL","","","","","","","","00000000","","WHEAT","WHEAT, WINTER - YIELD, MEASURED IN BU / ACRE","TOTAL","NOT SPECIFIED","45.9",""
"SURVEY","2009","YEAR","","NATIONAL","US TOTAL","","","","","","","","00000000","","WHEAT","WHEAT, WINTER - YIELD, MEASURED IN BU / ACRE","TOTAL","NOT SPECIFIED","44",""
"SURVEY","2009","YEAR - AUG FORECAST","","NATIONAL","US TOTAL","","","","","","","","00000000","","WHEAT","WHEAT, WINTER - YIELD, MEASURED IN BU / ACRE","TOTAL","NOT SPECIFIED","44.2",""
"SURVEY","2009","YEAR - JUL FORECAST","","NATIONAL","US TOTAL","","","","","","","","00000000","","WHEAT","WHEAT, WINTER - YIELD, MEASURED IN BU / ACRE","TOTAL","NOT SPECIFIED","43.8",""
"SURVEY","2009","YEAR - JUN FORECAST","","NATIONAL","US TOTAL","","","","","","","","00000000","","WHEAT","WHEAT, WINTER - YIELD, MEASURED IN BU / ACRE","TOTAL","NOT SPECIFIED","43.9",""
"SURVEY","2009","YEAR - MAY FORECAST","","NATIONAL","US TOTAL","","","","","","","","00000000","","WHEAT","WHEAT, WINTER - YIELD, MEASURED IN BU / ACRE","TOTAL","NOT SPECIFIED","44.2",""
"SURVEY","2008","YEAR","","NATIONAL","US TOTAL","","","","","","","","00000000","","WHEAT","WHEAT, WINTER - YIELD, MEASURED IN BU / ACRE","TOTAL","NOT SPECIFIED","47.1",""
"SURVEY","2008","YEAR - AUG FORECAST","","NATIONAL","US TOTAL","","","","","","","","00000000","","WHEAT","WHEAT, WINTER - YIELD, MEASURED IN BU / ACRE","TOTAL","NOT SPECIFIED","46.6",""
"SURVEY","2008","YEAR - JUL FORECAST","","NATIONAL","US TOTAL","","","","","","","","00000000","","WHEAT","WHEAT, WINTER - YIELD, MEASURED IN BU / ACRE","TOTAL","NOT SPECIFIED","46.3",""
"SURVEY","2008","YEAR - JUN FORECAST","","NATIONAL","US TOTAL","","","","","","","","00000000","","WHEAT","WHEAT, WINTER - YIELD, MEASURED IN BU / ACRE","TOTAL","NOT SPECIFIED","45.3",""
"SURVEY","2008","YEAR - MAY FORECAST","","NATIONAL","US TOTAL","","","","","","","","00000000","","WHEAT","WHEAT, WINTER - YIELD, MEASURED IN BU / ACRE","TOTAL","NOT SPECIFIED","44.3",""
"SURVEY","2007","YEAR","","NATIONAL","US TOTAL","","","","","","","","00000000","","WHEAT","WHEAT, WINTER - YIELD, MEASURED IN BU / ACRE","TOTAL","NOT SPECIFIED","41.7",""
"SURVEY","2007","YEAR - AUG FORECAST","","NATIONAL","US TOTAL","","","","","","","","00000000","","WHEAT","WHEAT, WINTER - YIELD, MEASURED IN BU / ACRE","TOTAL","NOT SPECIFIED","41.3",""
"SURVEY","2007","YEAR - JUL FORECAST","","NATIONAL","US TOTAL","","","","","","","","00000000","","WHEAT","WHEAT, WINTER - YIELD, MEASURED IN BU / ACRE","TOTAL","NOT SPECIFIED","41.6",""
"SURVEY","2007","YEAR - JUN FORECAST","","NATIONAL","US TOTAL","","","","","","","","00000000","","WHEAT","WHEAT, WINTER - YIELD, MEASURED IN BU / ACRE","TOTAL","NOT SPECIFIED","43.2",""
"SURVEY","2007","YEAR - MAY FORECAST","","NATIONAL","US TOTAL","","","","","","","","00000000","","WHEAT","WHEAT, WINTER - YIELD, MEASURED IN BU / ACRE","TOTAL","NOT SPECIFIED","43.5",""
"SURVEY","2006","YEAR","","NATIONAL","US TOTAL","","","","","","","","00000000","","WHEAT","WHEAT, WINTER - YIELD, MEASURED IN BU / ACRE","TOTAL","NOT SPECIFIED","41.6",""
"SURVEY","2006","YEAR - AUG FORECAST","","NATIONAL","US TOTAL","","","","","","","","00000000","","WHEAT","WHEAT, WINTER - YIELD, MEASURED IN BU / ACRE","TOTAL","NOT SPECIFIED","41.2",""
"SURVEY","2006","YEAR - JUL FORECAST","","NATIONAL","US TOTAL","","","","","","","","00000000","","WHEAT","WHEAT, WINTER - YIELD, MEASURED IN BU / ACRE","TOTAL","NOT SPECIFIED","41.1",""
"SURVEY","2006","YEAR - JUN FORECAST","","NATIONAL","US TOTAL","","","","","","","","00000000","","WHEAT","WHEAT, WINTER - YIELD, MEASURED IN BU / ACRE","TOTAL","NOT SPECIFIED","40.5",""
"SURVEY","2006","YEAR - MAY FORECAST","","NATIONAL","US TOTAL","","","","","","","","00000000","","WHEAT","WHEAT, WINTER - YIELD, MEASURED IN BU / ACRE","TOTAL","NOT SPECIFIED","42.4",""
"SURVEY","2005","YEAR","","NATIONAL","US TOTAL","","","","","","","","00000000","","WHEAT","WHEAT, WINTER - YIELD, MEASURED IN BU / ACRE","TOTAL","NOT SPECIFIED","44.3",""
"SURVEY","2005","YEAR - AUG FORECAST","","NATIONAL","US TOTAL","","","","","","","","00000000","","WHEAT","WHEAT, WINTER - YIELD, MEASURED IN BU / ACRE","TOTAL","NOT SPECIFIED","44.4",""
"SURVEY","2005","YEAR - JUL FORECAST","","NATIONAL","US TOTAL","","","","","","","","00000000","","WHEAT","WHEAT, WINTER - YIELD, MEASURED IN BU / ACRE","TOTAL","NOT SPECIFIED","44.5",""
"SURVEY","2005","YEAR - JUN FORECAST","","NATIONAL","US TOTAL","","","","","","","","00000000","","WHEAT","WHEAT, WINTER - YIELD, MEASURED IN BU / ACRE","TOTAL","NOT SPECIFIED","44.1",""
"SURVEY","2005","YEAR - MAY FORECAST","","NATIONAL","US TOTAL","","","","","","","","00000000","","WHEAT","WHEAT, WINTER - YIELD, MEASURED IN BU / ACRE","TOTAL","NOT SPECIFIED","45.4",""
"SURVEY","2004","YEAR","","NATIONAL","US TOTAL","","","","","","","","00000000","","WHEAT","WHEAT, WINTER - YIELD, MEASURED IN BU / ACRE","TOTAL","NOT SPECIFIED","43.5",""
"SURVEY","2004","YEAR - AUG FORECAST","","NATIONAL","US TOTAL","","","","","","","","00000000","","WHEAT","WHEAT, WINTER - YIELD, MEASURED IN BU / ACRE","TOTAL","NOT SPECIFIED","42.8",""
"SURVEY","2004","YEAR - JUL FORECAST","","NATIONAL","US TOTAL","","","","","","","","00000000","","WHEAT","WHEAT, WINTER - YIELD, MEASURED IN BU / ACRE","TOTAL","NOT SPECIFIED","42.2",""
"SURVEY","2004","YEAR - JUN FORECAST","","NATIONAL","US TOTAL","","","","","","","","00000000","","WHEAT","WHEAT, WINTER - YIELD, MEASURED IN BU / ACRE","TOTAL","NOT SPECIFIED","43.6",""
"SURVEY","2004","YEAR - MAY FORECAST","","NATIONAL","US TOTAL","","","","","","","","00000000","","WHEAT","WHEAT, WINTER - YIELD, MEASURED IN BU / ACRE","TOTAL","NOT SPECIFIED","44.2",""
"SURVEY","2003","YEAR","","NATIONAL","US TOTAL","","","","","","","","00000000","","WHEAT","WHEAT, WINTER - YIELD, MEASURED IN BU / ACRE","TOTAL","NOT SPECIFIED","46.7",""
"SURVEY","2003","YEAR - AUG FORECAST","","NATIONAL","US TOTAL","","","","","","","","00000000","","WHEAT","WHEAT, WINTER - YIELD, MEASURED IN BU / ACRE","TOTAL","NOT SPECIFIED","46.9",""
"SURVEY","2003","YEAR - JUL FORECAST","","NATIONAL","US TOTAL","","","","","","","","00000000","","WHEAT","WHEAT, WINTER - YIELD, MEASURED IN BU / ACRE","TOTAL","NOT SPECIFIED","47",""
"SURVEY","2003","YEAR - JUN FORECAST","","NATIONAL","US TOTAL","","","","","","","","00000000","","WHEAT","WHEAT, WINTER - YIELD, MEASURED IN BU / ACRE","TOTAL","NOT SPECIFIED","44.6",""
"SURVEY","2003","YEAR - MAY FORECAST","","NATIONAL","US TOTAL","","","","","","","","00000000","","WHEAT","WHEAT, WINTER - YIELD, MEASURED IN BU / ACRE","TOTAL","NOT SPECIFIED","42.9",""
"SURVEY","2002","YEAR","","NATIONAL","US TOTAL","","","","","","","","00000000","","WHEAT","WHEAT, WINTER - YIELD, MEASURED IN BU / ACRE","TOTAL","NOT SPECIFIED","38.2",""
"SURVEY","2002","YEAR - AUG FORECAST","","NATIONAL","US TOTAL","","","","","","","","00000000","","WHEAT","WHEAT, WINTER - YIELD, MEASURED IN BU / ACRE","TOTAL","NOT SPECIFIED","38.9",""
"SURVEY","2002","YEAR - JUL FORECAST","","NATIONAL","US TOTAL","","","","","","","","00000000","","WHEAT","WHEAT, WINTER - YIELD, MEASURED IN BU / ACRE","TOTAL","NOT SPECIFIED","39.6",""
"SURVEY","2002","YEAR - JUN FORECAST","","NATIONAL","US TOTAL","","","","","","","","00000000","","WHEAT","WHEAT, WINTER - YIELD, MEASURED IN BU / ACRE","TOTAL","NOT SPECIFIED","41",""
"SURVEY","2002","YEAR - MAY FORECAST","","NATIONAL","US TOTAL","","","","","","","","00000000","","WHEAT","WHEAT, WINTER - YIELD, MEASURED IN BU / ACRE","TOTAL","NOT SPECIFIED","43.1",""
"SURVEY","2001","YEAR","","NATIONAL","US TOTAL","","","","","","","","00000000","","WHEAT","WHEAT, WINTER - YIELD, MEASURED IN BU / ACRE","TOTAL","NOT SPECIFIED","43.4",""
"SURVEY","2001","YEAR - AUG FORECAST","","NATIONAL","US TOTAL","","","","","","","","00000000","","WHEAT","WHEAT, WINTER - YIELD, MEASURED IN BU / ACRE","TOTAL","NOT SPECIFIED","43.8",""
"SURVEY","2001","YEAR - JUL FORECAST","","NATIONAL","US TOTAL","","","","","","","","00000000","","WHEAT","WHEAT, WINTER - YIELD, MEASURED IN BU / ACRE","TOTAL","NOT SPECIFIED","43.2",""
"SURVEY","2001","YEAR - JUN FORECAST","","NATIONAL","US TOTAL","","","","","","","","00000000","","WHEAT","WHEAT, WINTER - YIELD, MEASURED IN BU / ACRE","TOTAL","NOT SPECIFIED","41.2",""
"SURVEY","2001","YEAR - MAY FORECAST","","NATIONAL","US TOTAL","","","","","","","","00000000","","WHEAT","WHEAT, WINTER - YIELD, MEASURED IN BU / ACRE","TOTAL","NOT SPECIFIED","41.8",""
"SURVEY","2000","YEAR","","NATIONAL","US TOTAL","","","","","","","","00000000","","WHEAT","WHEAT, WINTER - YIELD, MEASURED IN BU / ACRE","TOTAL","NOT SPECIFIED","44.6",""
"SURVEY","2000","YEAR - AUG FORECAST","","NATIONAL","US TOTAL","","","","","","","","00000000","","WHEAT","WHEAT, WINTER - YIELD, MEASURED IN BU / ACRE","TOTAL","NOT SPECIFIED","45",""
"SURVEY","2000","YEAR - JUL FORECAST","","NATIONAL","US TOTAL","","","","","","","","00000000","","WHEAT","WHEAT, WINTER - YIELD, MEASURED IN BU / ACRE","TOTAL","NOT SPECIFIED","44.9",""
"SURVEY","2000","YEAR - JUN FORECAST","","NATIONAL","US TOTAL","","","","","","","","00000000","","WHEAT","WHEAT, WINTER - YIELD, MEASURED IN BU / ACRE","TOTAL","NOT SPECIFIED","46.7",""
"SURVEY","2000","YEAR - MAY FORECAST","","NATIONAL","US TOTAL","","","","","","","","00000000","","WHEAT","WHEAT, WINTER - YIELD, MEASURED IN BU / ACRE","TOTAL","NOT SPECIFIED","47.5",""
"SURVEY","1999","YEAR","","NATIONAL","US TOTAL","","","","","","","","00000000","","WHEAT","WHEAT, WINTER - YIELD, MEASURED IN BU / ACRE","TOTAL","NOT SPECIFIED","47.8",""
"SURVEY","1999","YEAR - AUG FORECAST","","NATIONAL","US TOTAL","","","","","","","","00000000","","WHEAT","WHEAT, WINTER - YIELD, MEASURED IN BU / ACRE","TOTAL","NOT SPECIFIED","47.4",""
"SURVEY","1999","YEAR - JUL FORECAST","","NATIONAL","US TOTAL","","","","","","","","00000000","","WHEAT","WHEAT, WINTER - YIELD, MEASURED IN BU / ACRE","TOTAL","NOT SPECIFIED","47",""
"SURVEY","1999","YEAR - JUN FORECAST","","NATIONAL","US TOTAL","","","","","","","","00000000","","WHEAT","WHEAT, WINTER - YIELD, MEASURED IN BU / ACRE","TOTAL","NOT SPECIFIED","44.7",""
"SURVEY","1999","YEAR - MAY FORECAST","","NATIONAL","US TOTAL","","","","","","","","00000000","","WHEAT","WHEAT, WINTER - YIELD, MEASURED IN BU / ACRE","TOTAL","NOT SPECIFIED","44.4",""
"SURVEY","1998","YEAR","","NATIONAL","US TOTAL","","","","","","","","00000000","","WHEAT","WHEAT, WINTER - YIELD, MEASURED IN BU / ACRE","TOTAL","NOT SPECIFIED","46.9",""
"SURVEY","1998","YEAR - AUG FORECAST","","NATIONAL","US TOTAL","","","","","","","","00000000","","WHEAT","WHEAT, WINTER - YIELD, MEASURED IN BU / ACRE","TOTAL","NOT SPECIFIED","47",""
"SURVEY","1998","YEAR - JUL FORECAST","","NATIONAL","US TOTAL","","","","","","","","00000000","","WHEAT","WHEAT, WINTER - YIELD, MEASURED IN BU / ACRE","TOTAL","NOT SPECIFIED","46.6",""
"SURVEY","1998","YEAR - JUN FORECAST","","NATIONAL","US TOTAL","","","","","","","","00000000","","WHEAT","WHEAT, WINTER - YIELD, MEASURED IN BU / ACRE","TOTAL","NOT SPECIFIED","42.9",""
"SURVEY","1998","YEAR - MAY FORECAST","","NATIONAL","US TOTAL","","","","","","","","00000000","","WHEAT","WHEAT, WINTER - YIELD, MEASURED IN BU / ACRE","TOTAL","NOT SPECIFIED","41.9",""
"SURVEY","1997","YEAR","","NATIONAL","US TOTAL","","","","","","","","00000000","","WHEAT","WHEAT, WINTER - YIELD, MEASURED IN BU / ACRE","TOTAL","NOT SPECIFIED","44.6",""
"SURVEY","1997","YEAR - AUG FORECAST","","NATIONAL","US TOTAL","","","","","","","","00000000","","WHEAT","WHEAT, WINTER - YIELD, MEASURED IN BU / ACRE","TOTAL","NOT SPECIFIED","44.6",""
"SURVEY","1997","YEAR - JUL FORECAST","","NATIONAL","US TOTAL","","","","","","","","00000000","","WHEAT","WHEAT, WINTER - YIELD, MEASURED IN BU / ACRE","TOTAL","NOT SPECIFIED","42.8",""
"SURVEY","1997","YEAR - JUN FORECAST","","NATIONAL","US TOTAL","","","","","","","","00000000","","WHEAT","WHEAT, WINTER - YIELD, MEASURED IN BU / ACRE","TOTAL","NOT SPECIFIED","39.3",""
"SURVEY","1997","YEAR - MAY FORECAST","","NATIONAL","US TOTAL","","","","","","","","00000000","","WHEAT","WHEAT, WINTER - YIELD, MEASURED IN BU / ACRE","TOTAL","NOT SPECIFIED","38.2",""
"SURVEY","1996","YEAR","","NATIONAL","US TOTAL","","","","","","","","00000000","","WHEAT","WHEAT, WINTER - YIELD, MEASURED IN BU / ACRE","TOTAL","NOT SPECIFIED","37.1",""
"SURVEY","1996","YEAR - AUG FORECAST","","NATIONAL","US TOTAL","","","","","","","","00000000","","WHEAT","WHEAT, WINTER - YIELD, MEASURED IN BU / ACRE","TOTAL","NOT SPECIFIED","37.3",""
"SURVEY","1996","YEAR - JUL FORECAST","","NATIONAL","US TOTAL","","","","","","","","00000000","","WHEAT","WHEAT, WINTER - YIELD, MEASURED IN BU / ACRE","TOTAL","NOT SPECIFIED","37",""
"SURVEY","1996","YEAR - JUN FORECAST","","NATIONAL","US TOTAL","","","","","","","","00000000","","WHEAT","WHEAT, WINTER - YIELD, MEASURED IN BU / ACRE","TOTAL","NOT SPECIFIED","36.1",""
"SURVEY","1996","YEAR - MAY FORECAST","","NATIONAL","US TOTAL","","","","","","","","00000000","","WHEAT","WHEAT, WINTER - YIELD, MEASURED IN BU / ACRE","TOTAL","NOT SPECIFIED","35.9",""
"SURVEY","1995","YEAR","","NATIONAL","US TOTAL","","","","","","","","00000000","","WHEAT","WHEAT, WINTER - YIELD, MEASURED IN BU / ACRE","TOTAL","NOT SPECIFIED","37.7",""
"SURVEY","1995","YEAR - AUG FORECAST","","NATIONAL","US TOTAL","","","","","","","","00000000","","WHEAT","WHEAT, WINTER - YIELD, MEASURED IN BU / ACRE","TOTAL","NOT SPECIFIED","37.6",""
"SURVEY","1995","YEAR - JUL FORECAST","","NATIONAL","US TOTAL","","","","","","","","00000000","","WHEAT","WHEAT, WINTER - YIELD, MEASURED IN BU / ACRE","TOTAL","NOT SPECIFIED","37",""
"SURVEY","1995","YEAR - JUN FORECAST","","NATIONAL","US TOTAL","","","","","","","","00000000","","WHEAT","WHEAT, WINTER - YIELD, MEASURED IN BU / ACRE","TOTAL","NOT SPECIFIED","39.6",""
"SURVEY","1995","YEAR - MAY FORECAST","","NATIONAL","US TOTAL","","","","","","","","00000000","","WHEAT","WHEAT, WINTER - YIELD, MEASURED IN BU / ACRE","TOTAL","NOT SPECIFIED","40.2",""
"SURVEY","1994","YEAR","","NATIONAL","US TOTAL","","","","","","","","00000000","","WHEAT","WHEAT, WINTER - YIELD, MEASURED IN BU / ACRE","TOTAL","NOT SPECIFIED","40.2",""
"SURVEY","1994","YEAR - AUG FORECAST","","NATIONAL","US TOTAL","","","","","","","","00000000","","WHEAT","WHEAT, WINTER - YIELD, MEASURED IN BU / ACRE","TOTAL","NOT SPECIFIED","40.3",""
"SURVEY","1994","YEAR - JUL FORECAST","","NATIONAL","US TOTAL","","","","","","","","00000000","","WHEAT","WHEAT, WINTER - YIELD, MEASURED IN BU / ACRE","TOTAL","NOT SPECIFIED","40",""
"SURVEY","1994","YEAR - JUN FORECAST","","NATIONAL","US TOTAL","","","","","","","","00000000","","WHEAT","WHEAT, WINTER - YIELD, MEASURED IN BU / ACRE","TOTAL","NOT SPECIFIED","39.7",""
"SURVEY","1994","YEAR - MAY FORECAST","","NATIONAL","US TOTAL","","","","","","","","00000000","","WHEAT","WHEAT, WINTER - YIELD, MEASURED IN BU / ACRE","TOTAL","NOT SPECIFIED","39.3",""
"SURVEY","1993","YEAR","","NATIONAL","US TOTAL","","","","","","","","00000000","","WHEAT","WHEAT, WINTER - YIELD, MEASURED IN BU / ACRE","TOTAL","NOT SPECIFIED","40.2",""
"SURVEY","1993","YEAR - AUG FORECAST","","NATIONAL","US TOTAL","","","","","","","","00000000","","WHEAT","WHEAT, WINTER - YIELD, MEASURED IN BU / ACRE","TOTAL","NOT SPECIFIED","40.5",""
"SURVEY","1993","YEAR - JUL FORECAST","","NATIONAL","US TOTAL","","","","","","","","00000000","","WHEAT","WHEAT, WINTER - YIELD, MEASURED IN BU / ACRE","TOTAL","NOT SPECIFIED","41",""
"SURVEY","1993","YEAR - JUN FORECAST","","NATIONAL","US TOTAL","","","","","","","","00000000","","WHEAT","WHEAT, WINTER - YIELD, MEASURED IN BU / ACRE","TOTAL","NOT SPECIFIED","41.2",""
"SURVEY","1993","YEAR - MAY FORECAST","","NATIONAL","US TOTAL","","","","","","","","00000000","","WHEAT","WHEAT, WINTER - YIELD, MEASURED IN BU / ACRE","TOTAL","NOT SPECIFIED","40.8",""
"SURVEY","1992","YEAR","","NATIONAL","US TOTAL","","","","","","","","00000000","","WHEAT","WHEAT, WINTER - YIELD, MEASURED IN BU / ACRE","TOTAL","NOT SPECIFIED","38.2",""
"SURVEY","1992","YEAR - AUG FORECAST","","NATIONAL","US TOTAL","","","","","","","","00000000","","WHEAT","WHEAT, WINTER - YIELD, MEASURED IN BU / ACRE","TOTAL","NOT SPECIFIED","37.6",""
"SURVEY","1992","YEAR - JUL FORECAST","","NATIONAL","US TOTAL","","","","","","","","00000000","","WHEAT","WHEAT, WINTER - YIELD, MEASURED IN BU / ACRE","TOTAL","NOT SPECIFIED","37",""
"SURVEY","1992","YEAR - JUN FORECAST","","NATIONAL","US TOTAL","","","","","","","","00000000","","WHEAT","WHEAT, WINTER - YIELD, MEASURED IN BU / ACRE","TOTAL","NOT SPECIFIED","35.9",""
"SURVEY","1992","YEAR - MAY FORECAST","","NATIONAL","US TOTAL","","","","","","","","00000000","","WHEAT","WHEAT, WINTER - YIELD, MEASURED IN BU / ACRE","TOTAL","NOT SPECIFIED","37.3",""
"SURVEY","1991","YEAR","","NATIONAL","US TOTAL","","","","","","","","00000000","","WHEAT","WHEAT, WINTER - YIELD, MEASURED IN BU / ACRE","TOTAL","NOT SPECIFIED","34.7",""
"SURVEY","1991","YEAR - AUG FORECAST","","NATIONAL","US TOTAL","","","","","","","","00000000","","WHEAT","WHEAT, WINTER - YIELD, MEASURED IN BU / ACRE","TOTAL","NOT SPECIFIED","34.7",""
"SURVEY","1991","YEAR - JUL FORECAST","","NATIONAL","US TOTAL","","","","","","","","00000000","","WHEAT","WHEAT, WINTER - YIELD, MEASURED IN BU / ACRE","TOTAL","NOT SPECIFIED","34.4",""
"SURVEY","1991","YEAR - JUN FORECAST","","NATIONAL","US TOTAL","","","","","","","","00000000","","WHEAT","WHEAT, WINTER - YIELD, MEASURED IN BU / ACRE","TOTAL","NOT SPECIFIED","36",""
"SURVEY","1991","YEAR - MAY FORECAST","","NATIONAL","US TOTAL","","","","","","","","00000000","","WHEAT","WHEAT, WINTER - YIELD, MEASURED IN BU / ACRE","TOTAL","NOT SPECIFIED","36.9",""
"SURVEY","1990","YEAR","","NATIONAL","US TOTAL","","","","","","","","00000000","","WHEAT","WHEAT, WINTER - YIELD, MEASURED IN BU / ACRE","TOTAL","NOT SPECIFIED","40.7",""
"SURVEY","1990","YEAR - AUG FORECAST","","NATIONAL","US TOTAL","","","","","","","","00000000","","WHEAT","WHEAT, WINTER - YIELD, MEASURED IN BU / ACRE","TOTAL","NOT SPECIFIED","41",""
"SURVEY","1990","YEAR - JUL FORECAST","","NATIONAL","US TOTAL","","","","","","","","00000000","","WHEAT","WHEAT, WINTER - YIELD, MEASURED IN BU / ACRE","TOTAL","NOT SPECIFIED","40.6",""
"SURVEY","1990","YEAR - JUN FORECAST","","NATIONAL","US TOTAL","","","","","","","","00000000","","WHEAT","WHEAT, WINTER - YIELD, MEASURED IN BU / ACRE","TOTAL","NOT SPECIFIED","41.2",""
"SURVEY","1990","YEAR - MAY FORECAST","","NATIONAL","US TOTAL","","","","","","","","00000000","","WHEAT","WHEAT, WINTER - YIELD, MEASURED IN BU / ACRE","TOTAL","NOT SPECIFIED","41.1",""
"SURVEY","1989","YEAR","","NATIONAL","US TOTAL","","","","","","","","00000000","","WHEAT","WHEAT, WINTER - YIELD, MEASURED IN BU / ACRE","TOTAL","NOT SPECIFIED","35",""
"SURVEY","1988","YEAR","","NATIONAL","US TOTAL","","","","","","","","00000000","","WHEAT","WHEAT, WINTER - YIELD, MEASURED IN BU / ACRE","TOTAL","NOT SPECIFIED","39.2",""
"SURVEY","1987","YEAR","","NATIONAL","US TOTAL","","","","","","","","00000000","","WHEAT","WHEAT, WINTER - YIELD, MEASURED IN BU / ACRE","TOTAL","NOT SPECIFIED","39.8",""
"SURVEY","1986","YEAR","","NATIONAL","US TOTAL","","","","","","","","00000000","","WHEAT","WHEAT, WINTER - YIELD, MEASURED IN BU / ACRE","TOTAL","NOT SPECIFIED","35.2",""
"SURVEY","1985","YEAR","","NATIONAL","US TOTAL","","","","","","","","00000000","","WHEAT","WHEAT, WINTER - YIELD, MEASURED IN BU / ACRE","TOTAL","NOT SPECIFIED","38.1",""
"SURVEY","1984","YEAR","","NATIONAL","US TOTAL","","","","","","","","00000000","","WHEAT","WHEAT, WINTER - YIELD, MEASURED IN BU / ACRE","TOTAL","NOT SPECIFIED","40",""
"SURVEY","1983","YEAR","","NATIONAL","US TOTAL","","","","","","","","00000000","","WHEAT","WHEAT, WINTER - YIELD, MEASURED IN BU / ACRE","TOTAL","NOT SPECIFIED","41.8",""
"SURVEY","1982","YEAR","","NATIONAL","US TOTAL","","","","","","","","00000000","","WHEAT","WHEAT, WINTER - YIELD, MEASURED IN BU / ACRE","TOTAL","NOT SPECIFIED","36",""
"SURVEY","1981","YEAR","","NATIONAL","US TOTAL","","","","","","","","00000000","","WHEAT","WHEAT, WINTER - YIELD, MEASURED IN BU / ACRE","TOTAL","NOT SPECIFIED","35.9",""
"SURVEY","1980","YEAR","","NATIONAL","US TOTAL","","","","","","","","00000000","","WHEAT","WHEAT, WINTER - YIELD, MEASURED IN BU / ACRE","TOTAL","NOT SPECIFIED","36.8",""
"SURVEY","1979","YEAR","","NATIONAL","US TOTAL","","","","","","","","00000000","","WHEAT","WHEAT, WINTER - YIELD, MEASURED IN BU / ACRE","TOTAL","NOT SPECIFIED","36.9",""
"SURVEY","1978","YEAR","","NATIONAL","US TOTAL","","","","","","","","00000000","","WHEAT","WHEAT, WINTER - YIELD, MEASURED IN BU / ACRE","TOTAL","NOT SPECIFIED","31.8",""
"SURVEY","1977","YEAR","","NATIONAL","US TOTAL","","","","","","","","00000000","","WHEAT","WHEAT, WINTER - YIELD, MEASURED IN BU / ACRE","TOTAL","NOT SPECIFIED","31.6",""
"SURVEY","1976","YEAR","","NATIONAL","US TOTAL","","","","","","","","00000000","","WHEAT","WHEAT, WINTER - YIELD, MEASURED IN BU / ACRE","TOTAL","NOT SPECIFIED","31.5",""
"SURVEY","1975","YEAR","","NATIONAL","US TOTAL","","","","","","","","00000000","","WHEAT","WHEAT, WINTER - YIELD, MEASURED IN BU / ACRE","TOTAL","NOT SPECIFIED","32",""
"SURVEY","1974","YEAR","","NATIONAL","US TOTAL","","","","","","","","00000000","","WHEAT","WHEAT, WINTER - YIELD, MEASURED IN BU / ACRE","TOTAL","NOT SPECIFIED","29.4",""
"SURVEY","1973","YEAR","","NATIONAL","US TOTAL","","","","","","","","00000000","","WHEAT","WHEAT, WINTER - YIELD, MEASURED IN BU / ACRE","TOTAL","NOT SPECIFIED","33",""
"SURVEY","1972","YEAR","","NATIONAL","US TOTAL","","","","","","","","00000000","","WHEAT","WHEAT, WINTER - YIELD, MEASURED IN BU / ACRE","TOTAL","NOT SPECIFIED","34",""
"SURVEY","1971","YEAR","","NATIONAL","US TOTAL","","","","","","","","00000000","","WHEAT","WHEAT, WINTER - YIELD, MEASURED IN BU / ACRE","TOTAL","NOT SPECIFIED","35.4",""
"SURVEY","1970","YEAR","","NATIONAL","US TOTAL","","","","","","","","00000000","","WHEAT","WHEAT, WINTER - YIELD, MEASURED IN BU / ACRE","TOTAL","NOT SPECIFIED","33.4",""
"SURVEY","1969","YEAR","","NATIONAL","US TOTAL","","","","","","","","00000000","","WHEAT","WHEAT, WINTER - YIELD, MEASURED IN BU / ACRE","TOTAL","NOT SPECIFIED","31.2",""
"SURVEY","1968","YEAR","","NATIONAL","US TOTAL","","","","","","","","00000000","","WHEAT","WHEAT, WINTER - YIELD, MEASURED IN BU / ACRE","TOTAL","NOT SPECIFIED","29",""
"SURVEY","1967","YEAR","","NATIONAL","US TOTAL","","","","","","","","00000000","","WHEAT","WHEAT, WINTER - YIELD, MEASURED IN BU / ACRE","TOTAL","NOT SPECIFIED","26.5",""
"SURVEY","1966","YEAR","","NATIONAL","US TOTAL","","","","","","","","00000000","","WHEAT","WHEAT, WINTER - YIELD, MEASURED IN BU / ACRE","TOTAL","NOT SPECIFIED","27.4",""
"SURVEY","1965","YEAR","","NATIONAL","US TOTAL","","","","","","","","00000000","","WHEAT","WHEAT, WINTER - YIELD, MEASURED IN BU / ACRE","TOTAL","NOT SPECIFIED","27.1",""
"SURVEY","1964","YEAR","","NATIONAL","US TOTAL","","","","","","","","00000000","","WHEAT","WHEAT, WINTER - YIELD, MEASURED IN BU / ACRE","TOTAL","NOT SPECIFIED","26.8",""
"SURVEY","1963","YEAR","","NATIONAL","US TOTAL","","","","","","","","00000000","","WHEAT","WHEAT, WINTER - YIELD, MEASURED IN BU / ACRE","TOTAL","NOT SPECIFIED","26.3",""
"SURVEY","1962","YEAR","","NATIONAL","US TOTAL","","","","","","","","00000000","","WHEAT","WHEAT, WINTER - YIELD, MEASURED IN BU / ACRE","TOTAL","NOT SPECIFIED","24.4",""
"SURVEY","1961","YEAR","","NATIONAL","US TOTAL","","","","","","","","00000000","","WHEAT","WHEAT, WINTER - YIELD, MEASURED IN BU / ACRE","TOTAL","NOT SPECIFIED","26.4",""
"SURVEY","1960","YEAR","","NATIONAL","US TOTAL","","","","","","","","00000000","","WHEAT","WHEAT, WINTER - YIELD, MEASURED IN BU / ACRE","TOTAL","NOT SPECIFIED","27.8",""
"SURVEY","1959","YEAR","","NATIONAL","US TOTAL","","","","","","","","00000000","","WHEAT","WHEAT, WINTER - YIELD, MEASURED IN BU / ACRE","TOTAL","NOT SPECIFIED","23.2",""
"SURVEY","1958","YEAR","","NATIONAL","US TOTAL","","","","","","","","00000000","","WHEAT","WHEAT, WINTER - YIELD, MEASURED IN BU / ACRE","TOTAL","NOT SPECIFIED","28.6",""
"SURVEY","1957","YEAR","","NATIONAL","US TOTAL","","","","","","","","00000000","","WHEAT","WHEAT, WINTER - YIELD, MEASURED IN BU / ACRE","TOTAL","NOT SPECIFIED","22.5",""
"SURVEY","1956","YEAR","","NATIONAL","US TOTAL","","","","","","","","00000000","","WHEAT","WHEAT, WINTER - YIELD, MEASURED IN BU / ACRE","TOTAL","NOT SPECIFIED","20.8",""
"SURVEY","1955","YEAR","","NATIONAL","US TOTAL","","","","","","","","00000000","","WHEAT","WHEAT, WINTER - YIELD, MEASURED IN BU / ACRE","TOTAL","NOT SPECIFIED","20.9",""
"SURVEY","1954","YEAR","","NATIONAL","US TOTAL","","","","","","","","00000000","","WHEAT","WHEAT, WINTER - YIELD, MEASURED IN BU / ACRE","TOTAL","NOT SPECIFIED","20.4",""
"SURVEY","1953","YEAR","","NATIONAL","US TOTAL","","","","","","","","00000000","","WHEAT","WHEAT, WINTER - YIELD, MEASURED IN BU / ACRE","TOTAL","NOT SPECIFIED","18.9",""
"SURVEY","1952","YEAR","","NATIONAL","US TOTAL","","","","","","","","00000000","","WHEAT","WHEAT, WINTER - YIELD, MEASURED IN BU / ACRE","TOTAL","NOT SPECIFIED","20.9",""
"SURVEY","1951","YEAR","","NATIONAL","US TOTAL","","","","","","","","00000000","","WHEAT","WHEAT, WINTER - YIELD, MEASURED IN BU / ACRE","TOTAL","NOT SPECIFIED","16.2",""
"SURVEY","1950","YEAR","","NATIONAL","US TOTAL","","","","","","","","00000000","","WHEAT","WHEAT, WINTER - YIELD, MEASURED IN BU / ACRE","TOTAL","NOT SPECIFIED","17.1",""
"SURVEY","1949","YEAR","","NATIONAL","US TOTAL","","","","","","","","00000000","","WHEAT","WHEAT, WINTER - YIELD, MEASURED IN BU / ACRE","TOTAL","NOT SPECIFIED","15.8",""
"SURVEY","1948","YEAR","","NATIONAL","US TOTAL","","","","","","","","00000000","","WHEAT","WHEAT, WINTER - YIELD, MEASURED IN BU / ACRE","TOTAL","NOT SPECIFIED","18.7",""
"SURVEY","1947","YEAR","","NATIONAL","US TOTAL","","","","","","","","00000000","","WHEAT","WHEAT, WINTER - YIELD, MEASURED IN BU / ACRE","TOTAL","NOT SPECIFIED","19.3",""
"SURVEY","1946","YEAR","","NATIONAL","US TOTAL","","","","","","","","00000000","","WHEAT","WHEAT, WINTER - YIELD, MEASURED IN BU / ACRE","TOTAL","NOT SPECIFIED","18",""
"SURVEY","1945","YEAR","","NATIONAL","US TOTAL","","","","","","","","00000000","","WHEAT","WHEAT, WINTER - YIELD, MEASURED IN BU / ACRE","TOTAL","NOT SPECIFIED","17.4",""
"SURVEY","1944","YEAR","","NATIONAL","US TOTAL","","","","","","","","00000000","","WHEAT","WHEAT, WINTER - YIELD, MEASURED IN BU / ACRE","TOTAL","NOT SPECIFIED","18.3",""
"SURVEY","1943","YEAR","","NATIONAL","US TOTAL","","","","","","","","00000000","","WHEAT","WHEAT, WINTER - YIELD, MEASURED IN BU / ACRE","TOTAL","NOT SPECIFIED","15.6",""
"SURVEY","1942","YEAR","","NATIONAL","US TOTAL","","","","","","","","00000000","","WHEAT","WHEAT, WINTER - YIELD, MEASURED IN BU / ACRE","TOTAL","NOT SPECIFIED","19.5",""
"SURVEY","1941","YEAR","","NATIONAL","US TOTAL","","","","","","","","00000000","","WHEAT","WHEAT, WINTER - YIELD, MEASURED IN BU / ACRE","TOTAL","NOT SPECIFIED","16.9",""
"SURVEY","1940","YEAR","","NATIONAL","US TOTAL","","","","","","","","00000000","","WHEAT","WHEAT, WINTER - YIELD, MEASURED IN BU / ACRE","TOTAL","NOT SPECIFIED","16.4",""
"SURVEY","1939","YEAR","","NATIONAL","US TOTAL","","","","","","","","00000000","","WHEAT","WHEAT, WINTER - YIELD, MEASURED IN BU / ACRE","TOTAL","NOT SPECIFIED","15",""
"SURVEY","1938","YEAR","","NATIONAL","US TOTAL","","","","","","","","00000000","","WHEAT","WHEAT, WINTER - YIELD, MEASURED IN BU / ACRE","TOTAL","NOT SPECIFIED","13.8",""
"SURVEY","1937","YEAR","","NATIONAL","US TOTAL","","","","","","","","00000000","","WHEAT","WHEAT, WINTER - YIELD, MEASURED IN BU / ACRE","TOTAL","NOT SPECIFIED","14.6",""
"SURVEY","1936","YEAR","","NATIONAL","US TOTAL","","","","","","","","00000000","","WHEAT","WHEAT, WINTER - YIELD, MEASURED IN BU / ACRE","TOTAL","NOT SPECIFIED","13.8",""
"SURVEY","1935","YEAR","","NATIONAL","US TOTAL","","","","","","","","00000000","","WHEAT","WHEAT, WINTER - YIELD, MEASURED IN BU / ACRE","TOTAL","NOT SPECIFIED","14",""
"SURVEY","1934","YEAR","","NATIONAL","US TOTAL","","","","","","","","00000000","","WHEAT","WHEAT, WINTER - YIELD, MEASURED IN BU / ACRE","TOTAL","NOT SPECIFIED","12.6",""
"SURVEY","1933","YEAR","","NATIONAL","US TOTAL","","","","","","","","00000000","","WHEAT","WHEAT, WINTER - YIELD, MEASURED IN BU / ACRE","TOTAL","NOT SPECIFIED","12.5",""
"SURVEY","1932","YEAR","","NATIONAL","US TOTAL","","","","","","","","00000000","","WHEAT","WHEAT, WINTER - YIELD, MEASURED IN BU / ACRE","TOTAL","NOT SPECIFIED","13.6",""
"SURVEY","1931","YEAR","","NATIONAL","US TOTAL","","","","","","","","00000000","","WHEAT","WHEAT, WINTER - YIELD, MEASURED IN BU / ACRE","TOTAL","NOT SPECIFIED","19",""
"SURVEY","1930","YEAR","","NATIONAL","US TOTAL","","","","","","","","00000000","","WHEAT","WHEAT, WINTER - YIELD, MEASURED IN BU / ACRE","TOTAL","NOT SPECIFIED","15.4",""
"SURVEY","1929","YEAR","","NATIONAL","US TOTAL","","","","","","","","00000000","","WHEAT","WHEAT, WINTER - YIELD, MEASURED IN BU / ACRE","TOTAL","NOT SPECIFIED","14.2",""
"SURVEY","1928","YEAR","","NATIONAL","US TOTAL","","","","","","","","00000000","","WHEAT","WHEAT, WINTER - YIELD, MEASURED IN BU / ACRE","TOTAL","NOT SPECIFIED","15.7",""
"SURVEY","1927","YEAR","","NATIONAL","US TOTAL","","","","","","","","00000000","","WHEAT","WHEAT, WINTER - YIELD, MEASURED IN BU / ACRE","TOTAL","NOT SPECIFIED","14.4",""
"SURVEY","1926","YEAR","","NATIONAL","US TOTAL","","","","","","","","00000000","","WHEAT","WHEAT, WINTER - YIELD, MEASURED IN BU / ACRE","TOTAL","NOT SPECIFIED","16.8",""
"SURVEY","1925","YEAR","","NATIONAL","US TOTAL","","","","","","","","00000000","","WHEAT","WHEAT, WINTER - YIELD, MEASURED IN BU / ACRE","TOTAL","NOT SPECIFIED","12.5",""
"SURVEY","1924","YEAR","","NATIONAL","US TOTAL","","","","","","","","00000000","","WHEAT","WHEAT, WINTER - YIELD, MEASURED IN BU / ACRE","TOTAL","NOT SPECIFIED","16.2",""
"SURVEY","1923","YEAR","","NATIONAL","US TOTAL","","","","","","","","00000000","","WHEAT","WHEAT, WINTER - YIELD, MEASURED IN BU / ACRE","TOTAL","NOT SPECIFIED","14.3",""
"SURVEY","1922","YEAR","","NATIONAL","US TOTAL","","","","","","","","00000000","","WHEAT","WHEAT, WINTER - YIELD, MEASURED IN BU / ACRE","TOTAL","NOT SPECIFIED","13.7",""
"SURVEY","1921","YEAR","","NATIONAL","US TOTAL","","","","","","","","00000000","","WHEAT","WHEAT, WINTER - YIELD, MEASURED IN BU / ACRE","TOTAL","NOT SPECIFIED","14",""
"SURVEY","1920","YEAR","","NATIONAL","US TOTAL","","","","","","","","00000000","","WHEAT","WHEAT, WINTER - YIELD, MEASURED IN BU / ACRE","TOTAL","NOT SPECIFIED","15.2",""
"SURVEY","1919","YEAR","","NATIONAL","US TOTAL","","","","","","","","00000000","","WHEAT","WHEAT, WINTER - YIELD, MEASURED IN BU / ACRE","TOTAL","NOT SPECIFIED","14.8",""
"SURVEY","1918","YEAR","","NATIONAL","US TOTAL","","","","","","","","00000000","","WHEAT","WHEAT, WINTER - YIELD, MEASURED IN BU / ACRE","TOTAL","NOT SPECIFIED","15",""
"SURVEY","1917","YEAR","","NATIONAL","US TOTAL","","","","","","","","00000000","","WHEAT","WHEAT, WINTER - YIELD, MEASURED IN BU / ACRE","TOTAL","NOT SPECIFIED","14.5",""
"SURVEY","1916","YEAR","","NATIONAL","US TOTAL","","","","","","","","00000000","","WHEAT","WHEAT, WINTER - YIELD, MEASURED IN BU / ACRE","TOTAL","NOT SPECIFIED","13.4",""
"SURVEY","1915","YEAR","","NATIONAL","US TOTAL","","","","","","","","00000000","","WHEAT","WHEAT, WINTER - YIELD, MEASURED IN BU / ACRE","TOTAL","NOT SPECIFIED","16.2",""
"SURVEY","1914","YEAR","","NATIONAL","US TOTAL","","","","","","","","00000000","","WHEAT","WHEAT, WINTER - YIELD, MEASURED IN BU / ACRE","TOTAL","NOT SPECIFIED","18.5",""
"SURVEY","1913","YEAR","","NATIONAL","US TOTAL","","","","","","","","00000000","","WHEAT","WHEAT, WINTER - YIELD, MEASURED IN BU / ACRE","TOTAL","NOT SPECIFIED","15.7",""
"SURVEY","1912","YEAR","","NATIONAL","US TOTAL","","","","","","","","00000000","","WHEAT","WHEAT, WINTER - YIELD, MEASURED IN BU / ACRE","TOTAL","NOT SPECIFIED","14.2",""
"SURVEY","1911","YEAR","","NATIONAL","US TOTAL","","","","","","","","00000000","","WHEAT","WHEAT, WINTER - YIELD, MEASURED IN BU / ACRE","TOTAL","NOT SPECIFIED","14.4",""
"SURVEY","1910","YEAR","","NATIONAL","US TOTAL","","","","","","","","00000000","","WHEAT","WHEAT, WINTER - YIELD, MEASURED IN BU / ACRE","TOTAL","NOT SPECIFIED","15.3",""
"SURVEY","1909","YEAR","","NATIONAL","US TOTAL","","","","","","","","00000000","","WHEAT","WHEAT, WINTER - YIELD, MEASURED IN BU / ACRE","TOTAL","NOT SPECIFIED","15.5",""
